subject,trial,stimword,stimcolor,respcolor,reaction_time
156772,1,Y,Y,Y,1389
156772,2,G,G,G,2043
156772,3,R,R,R,1389
156772,4,Y,Y,Y,1092
156772,5,G,G,G,1310
156772,6,R,R,R,920
156772,7,B,B,B,1529
156772,8,Y,Y,Y,936
156772,9,B,B,B,1467
156772,10,G,G,G,1045
156772,11,B,B,B,1123
156772,12,R,R,R,1061
156772,13,Y,Y,Y,1029
156772,14,R,R,R,1732
156772,15,Y,Y,Y,1560
156772,16,R,R,R,1279
156772,17,B,B,B,1435
156772,18,G,G,G,952
156772,19,B,B,B,1326
156772,20,G,G,G,1185
156772,21,R,R,R,999
156772,22,Y,Y,Y,1029
156772,23,G,G,G,1170
156772,24,Y,Y,Y,968
156772,25,G,G,G,936
156772,26,Y,Y,Y,936
156772,27,R,R,R,1435
156772,28,B,B,B,951
156772,29,G,G,G,905
156772,30,Y,Y,Y,733
156772,31,R,R,R,843
156772,32,Y,Y,Y,905
156772,33,B,B,B,858
156772,34,Y,Y,Y,857
156772,35,R,R,R,1014
156772,36,G,G,G,1420
156772,37,Y,Y,Y,764
156772,38,B,B,B,718
156772,39,R,R,R,1404
156772,40,G,G,G,718
156772,41,Y,Y,Y,639
156772,42,B,B,B,702
156772,43,Y,Y,Y,718
156772,44,R,R,R,998
156772,45,G,G,G,1264
156772,46,Y,B,B,1264
156772,47,G,R,R,1357
156772,48,R,Y,Y,1732
156772,49,G,B,B,1762
156772,50,R,Y,Y,1576
156772,51,Y,G,G,1966
156772,52,B,R,R,1669
156772,53,Y,B,B,1669
156772,54,G,R,R,1685
156772,55,R,G,G,1450
156772,56,G,B,B,1404
156772,57,R,Y,Y,1420
156772,58,G,R,R,2387
156772,59,Y,G,G,1763
156772,60,B,Y,Y,1622
156772,61,G,R,R,1326
156772,62,Y,G,Y,1591
156772,63,B,Y,Y,1716
156772,64,G,B,B,1841
156772,65,Y,G,G,1669
156772,66,G,R,R,1466
156772,67,Y,G,G,1467
156772,68,B,Y,Y,1544
156772,69,G,R,R,1420
156772,70,Y,B,B,1435
156772,71,G,R,Y,1981
156772,72,B,Y,B,1576
156772,73,G,R,R,1840
156772,74,B,G,G,1358
156772,75,G,B,B,1653
156772,76,B,Y,Y,1420
156772,77,R,G,G,1544
156772,78,G,B,B,1560
156772,79,B,G,G,1311
156772,80,Y,B,B,1450
156772,81,G,Y,Y,1872
156772,82,Y,G,G,1857
156772,83,G,R,R,1872
156772,84,R,B,B,1216
156772,85,Y,G,G,1217
156772,86,R,Y,Y,1435
156772,87,G,R,R,1342
156772,88,B,Y,Y,1435
156772,89,G,R,R,1357
156772,90,B,Y,Y,1358
156839,1,G,Y,G,5770
156839,2,R,G,G,1848
156839,3,B,R,R,2176
156839,4,G,B,G,888
156839,5,R,Y,B,1176
156839,6,B,R,B,768
156839,7,R,G,G,368
156839,8,Y,B,B,672
156839,9,R,G,G,247
156839,10,Y,R,B,200
156839,11,G,Y,B,464
156839,12,R,B,G,151
156839,13,G,Y,B,192
156839,14,Y,G,G,184
156839,15,R,Y,B,175
156839,16,Y,B,G,184
156839,17,R,Y,B,184
156839,18,Y,G,G,135
156839,19,G,B,B,208
156839,20,B,G,G,128
156839,21,Y,R,B,200
156839,22,B,Y,G,119
156839,23,Y,R,B,200
156839,24,B,Y,G,144
156839,25,R,B,B,208
156839,26,Y,G,B,1240
156839,27,R,Y,G,264
156839,28,Y,G,B,192
156839,29,R,B,G,160
156839,30,B,G,B,208
156839,31,G,B,G,144
156839,32,Y,R,B,264
156839,33,R,B,G,176
156839,34,G,R,B,200
156839,35,R,Y,G,160
156839,36,G,R,B,200
156839,37,Y,G,G,144
156839,38,B,Y,B,200
156839,39,Y,G,G,151
156839,40,R,Y,B,192
156839,41,Y,R,G,168
156839,42,G,B,B,168
156839,43,B,R,G,184
156839,44,Y,B,B,248
156839,45,B,G,G,496
156839,46,Y,Y,Y,2150
156839,47,G,G,G,1920
156839,48,Y,Y,G,1984
156839,49,B,B,B,1136
156839,50,Y,Y,Y,792
156839,51,R,R,G,696
156839,52,Y,Y,Y,712
156839,53,R,R,G,1848
156839,54,Y,Y,Y,504
156839,55,R,R,B,128
156839,56,G,G,G,848
156839,57,Y,Y,Y,488
156839,58,B,B,G,472
156839,59,G,G,Y,544
156839,60,Y,Y,G,464
156839,61,G,G,Y,464
156839,62,R,R,G,448
156839,63,G,G,G,432
156839,64,R,R,Y,432
156839,65,G,G,G,472
156839,66,Y,Y,Y,464
156839,67,B,B,G,1128
156839,68,Y,Y,G,376
156839,69,G,G,G,456
156839,70,R,R,G,472
156839,71,G,G,G,560
156839,72,B,B,Y,904
156839,73,Y,Y,G,680
156839,74,B,B,G,1904
156839,75,G,G,G,600
156839,76,Y,Y,G,552
156839,77,B,B,Y,592
156839,78,Y,Y,G,592
156839,79,B,B,Y,536
156839,80,Y,Y,G,472
156839,81,G,G,G,840
156839,82,Y,Y,Y,624
156839,83,B,B,G,624
156839,84,Y,Y,B,424
156839,85,R,R,B,504
156839,86,Y,Y,B,504
156839,87,R,R,B,360
156839,88,B,B,B,224
156839,89,Y,Y,G,320
156839,90,B,B,Y,360
156856,1,G,G,G,1014
156856,2,B,B,B,1716
156856,3,G,G,G,936
156856,4,Y,Y,Y,1108
156856,5,B,B,B,1591
156856,6,Y,Y,Y,858
156856,7,B,B,B,671
156856,8,Y,Y,Y,858
156856,9,B,B,B,671
156856,10,R,R,R,951
156856,11,B,B,B,1170
156856,12,G,G,G,1233
156856,13,B,B,B,1513
156856,14,R,R,R,1997
156856,15,G,G,G,1154
156856,16,R,R,R,1295
156856,17,B,B,B,1154
156856,18,R,R,R,796
156856,19,Y,Y,Y,764
156856,20,G,G,G,1155
156856,21,R,R,R,1357
156856,22,G,G,G,1232
156856,23,Y,Y,Y,734
156856,24,R,R,R,904
156856,25,B,B,B,1030
156856,26,R,R,R,826
156856,27,G,G,G,1482
156856,28,Y,Y,Y,656
156856,29,G,G,G,998
156856,30,R,R,R,1154
156856,31,B,B,B,734
156856,32,G,G,G,1279
156856,33,B,B,B,1123
156856,34,Y,Y,Y,562
156856,35,R,R,R,796
156856,36,G,G,G,702
156856,37,B,B,B,951
156856,38,Y,Y,Y,546
156856,39,R,R,R,1014
156856,40,B,B,B,1030
156856,41,Y,Y,Y,608
156856,42,B,B,B,905
156856,43,R,R,R,639
156856,44,G,G,G,671
156856,45,B,B,B,921
156856,46,Y,R,R,1373
156856,47,B,G,G,1373
156856,48,Y,R,R,1263
156856,49,B,Y,Y,983
156856,50,G,R,G,1326
156856,51,B,G,B,936
156856,52,R,B,B,1513
156856,53,B,R,R,1982
156856,54,R,Y,Y,780
156856,55,G,B,B,1107
156856,56,R,G,G,780
156856,57,B,Y,Y,749
156856,58,G,R,R,1248
156856,59,Y,G,G,889
156856,60,R,Y,Y,905
156856,61,Y,G,G,2355
156856,62,B,Y,Y,827
156856,63,G,B,B,1092
156856,64,Y,R,R,827
156856,65,B,G,G,842
156856,66,R,Y,Y,780
156856,67,B,R,R,1482
156856,68,R,Y,Y,765
156856,69,Y,B,B,1341
156856,70,B,R,R,1607
156856,71,R,G,G,1248
156856,72,G,R,R,998
156856,73,R,Y,Y,827
156856,74,B,R,R,2199
156856,75,R,G,G,1529
156856,76,G,R,G,219
156856,77,B,G,G,2028
156856,78,Y,B,B,1217
156856,79,G,R,R,1342
156856,80,Y,B,B,1357
156856,81,B,G,G,905
156856,82,R,B,B,1076
156856,83,B,Y,Y,952
156856,84,R,B,B,733
156856,85,Y,G,G,873
156856,86,R,B,B,1482
156856,87,B,Y,Y,734
156856,88,Y,R,R,858
156856,89,R,B,B,920
156856,90,Y,R,R,1123
156857,2,B,G,G,4000
156857,3,R,Y,Y,2920
156857,4,B,R,R,2184
156857,5,Y,B,B,2152
156857,6,B,G,G,5312
156857,7,Y,R,R,2432
156857,8,G,B,B,3200
156857,9,Y,R,R,5087
156857,10,G,B,B,1937
156857,11,B,R,R,1487
156857,12,Y,B,B,1263
156857,13,R,G,G,1215
156857,14,Y,B,B,2384
156857,15,R,Y,B,616
156857,16,G,B,B,1984
156857,17,Y,G,G,1368
156857,18,B,R,R,2768
156857,19,R,Y,Y,1391
156857,20,Y,B,B,1439
156857,21,R,G,G,1263
156857,22,B,Y,Y,1799
156857,23,Y,B,B,2880
156857,24,R,G,G,1681
156857,25,Y,R,R,1664
156857,26,R,B,G,1527
156857,27,G,R,R,2912
156857,28,B,Y,Y,2032
156857,29,G,R,R,3623
156857,30,B,Y,Y,1207
156857,31,R,G,G,1920
156857,32,B,R,R,2248
156857,33,R,G,G,1167
156857,34,B,R,R,1408
156857,35,R,G,G,1272
156857,36,G,B,B,2824
156857,37,R,G,G,1696
156857,38,B,R,R,2080
156857,39,G,B,B,1672
156857,40,B,Y,Y,1152
156857,41,G,R,R,1632
156857,42,B,Y,Y,1223
156857,43,Y,B,B,1416
156857,44,G,Y,Y,1104
156857,45,B,R,R,1392
156857,46,R,R,R,1701
156857,47,Y,Y,Y,880
156857,48,R,R,R,808
156857,49,B,B,B,1296
156857,50,R,R,R,840
156857,51,G,G,G,1000
156857,52,R,R,R,696
156857,53,Y,Y,Y,848
156857,54,R,R,R,768
156857,55,Y,Y,Y,776
156857,56,R,R,R,1184
156857,57,B,B,B,1400
156857,58,R,R,R,800
156857,59,B,B,B,1088
156857,60,R,R,R,896
156857,61,Y,Y,Y,888
156857,62,B,B,B,1344
156857,63,G,G,G,1200
156857,64,Y,Y,Y,1160
156857,65,G,G,G,1312
156857,66,B,B,B,1264
156857,67,R,R,R,856
156857,68,B,B,B,1368
156857,69,G,G,G,960
156857,70,Y,Y,Y,832
156857,71,G,G,G,1008
156857,72,B,B,B,1352
156857,73,Y,Y,Y,1032
156857,74,R,R,R,856
156857,75,G,G,G,968
156857,76,B,B,B,1256
156857,77,R,R,R,1000
156857,78,G,G,G,1200
156857,79,R,R,R,776
156857,80,B,B,B,944
156857,81,G,G,G,872
156857,82,B,B,B,936
156857,83,R,R,R,760
156857,84,G,G,G,904
156857,85,Y,Y,Y,808
156857,86,B,B,B,1400
156857,87,G,G,G,768
156857,88,R,R,R,584
156857,89,B,B,B,1128
156857,90,G,G,G,984
156858,2,B,G,G,4000
156858,3,R,Y,Y,2920
156858,4,B,R,R,2184
156858,5,Y,B,B,2152
156858,6,B,G,G,5312
156858,7,Y,R,R,2432
156858,8,G,B,B,3200
156858,9,Y,R,R,5087
156858,10,G,B,B,1937
156858,11,B,R,R,1487
156858,12,Y,B,B,1263
156858,13,R,G,G,1215
156858,14,Y,B,B,2384
156858,15,R,Y,B,616
156858,16,G,B,B,1984
156858,17,Y,G,G,1368
156858,18,B,R,R,2768
156858,19,R,Y,Y,1391
156858,20,Y,B,B,1439
156858,21,R,G,G,1263
156858,22,B,Y,Y,1799
156858,23,Y,B,B,2880
156858,24,R,G,G,1681
156858,25,Y,R,R,1664
156858,26,R,B,G,1527
156858,27,G,R,R,2912
156858,28,B,Y,Y,2032
156858,29,G,R,R,3623
156858,30,B,Y,Y,1207
156858,31,R,G,G,1920
156858,32,B,R,R,2248
156858,33,R,G,G,1167
156858,34,B,R,R,1408
156858,35,R,G,G,1272
156858,36,G,B,B,2824
156858,37,R,G,G,1696
156858,38,B,R,R,2080
156858,39,G,B,B,1672
156858,40,B,Y,Y,1152
156858,41,G,R,R,1632
156858,42,B,Y,Y,1223
156858,43,Y,B,B,1416
156858,44,G,Y,Y,1104
156858,45,B,R,R,1392
156858,46,R,R,R,1701
156858,47,Y,Y,Y,880
156858,48,R,R,R,808
156858,49,B,B,B,1296
156858,50,R,R,R,840
156858,51,G,G,G,1000
156858,52,R,R,R,696
156858,53,Y,Y,Y,848
156858,54,R,R,R,768
156858,55,Y,Y,Y,776
156858,56,R,R,R,1184
156858,57,B,B,B,1400
156858,58,R,R,R,800
156858,59,B,B,B,1088
156858,60,R,R,R,896
156858,61,Y,Y,Y,888
156858,62,B,B,B,1344
156858,63,G,G,G,1200
156858,64,Y,Y,Y,1160
156858,65,G,G,G,1312
156858,66,B,B,B,1264
156858,67,R,R,R,856
156858,68,B,B,B,1368
156858,69,G,G,G,960
156858,70,Y,Y,Y,832
156858,71,G,G,G,1008
156858,72,B,B,B,1352
156858,73,Y,Y,Y,1032
156858,74,R,R,R,856
156858,75,G,G,G,968
156858,76,B,B,B,1256
156858,77,R,R,R,1000
156858,78,G,G,G,1200
156858,79,R,R,R,776
156858,80,B,B,B,944
156858,81,G,G,G,872
156858,82,B,B,B,936
156858,83,R,R,R,760
156858,84,G,G,G,904
156858,85,Y,Y,Y,808
156858,86,B,B,B,1400
156858,87,G,G,G,768
156858,88,R,R,R,584
156858,89,B,B,B,1128
156858,90,G,G,G,984
156859,2,B,G,G,4000
156859,3,R,Y,Y,2920
156859,4,B,R,R,2184
156859,5,Y,B,B,2152
156859,6,B,G,G,5312
156859,7,Y,R,R,2432
156859,8,G,B,B,3200
156859,9,Y,R,R,5087
156859,10,G,B,B,1937
156859,11,B,R,R,1487
156859,12,Y,B,B,1263
156859,13,R,G,G,1215
156859,14,Y,B,B,2384
156859,15,R,Y,B,616
156859,16,G,B,B,1984
156859,17,Y,G,G,1368
156859,18,B,R,R,2768
156859,19,R,Y,Y,1391
156859,20,Y,B,B,1439
156859,21,R,G,G,1263
156859,22,B,Y,Y,1799
156859,23,Y,B,B,2880
156859,24,R,G,G,1681
156859,25,Y,R,R,1664
156859,26,R,B,G,1527
156859,27,G,R,R,2912
156859,28,B,Y,Y,2032
156859,29,G,R,R,3623
156859,30,B,Y,Y,1207
156859,31,R,G,G,1920
156859,32,B,R,R,2248
156859,33,R,G,G,1167
156859,34,B,R,R,1408
156859,35,R,G,G,1272
156859,36,G,B,B,2824
156859,37,R,G,G,1696
156859,38,B,R,R,2080
156859,39,G,B,B,1672
156859,40,B,Y,Y,1152
156859,41,G,R,R,1632
156859,42,B,Y,Y,1223
156859,43,Y,B,B,1416
156859,44,G,Y,Y,1104
156859,45,B,R,R,1392
156859,46,R,R,R,1701
156859,47,Y,Y,Y,880
156859,48,R,R,R,808
156859,49,B,B,B,1296
156859,50,R,R,R,840
156859,51,G,G,G,1000
156859,52,R,R,R,696
156859,53,Y,Y,Y,848
156859,54,R,R,R,768
156859,55,Y,Y,Y,776
156859,56,R,R,R,1184
156859,57,B,B,B,1400
156859,58,R,R,R,800
156859,59,B,B,B,1088
156859,60,R,R,R,896
156859,61,Y,Y,Y,888
156859,62,B,B,B,1344
156859,63,G,G,G,1200
156859,64,Y,Y,Y,1160
156859,65,G,G,G,1312
156859,66,B,B,B,1264
156859,67,R,R,R,856
156859,68,B,B,B,1368
156859,69,G,G,G,960
156859,70,Y,Y,Y,832
156859,71,G,G,G,1008
156859,72,B,B,B,1352
156859,73,Y,Y,Y,1032
156859,74,R,R,R,856
156859,75,G,G,G,968
156859,76,B,B,B,1256
156859,77,R,R,R,1000
156859,78,G,G,G,1200
156859,79,R,R,R,776
156859,80,B,B,B,944
156859,81,G,G,G,872
156859,82,B,B,B,936
156859,83,R,R,R,760
156859,84,G,G,G,904
156859,85,Y,Y,Y,808
156859,86,B,B,B,1400
156859,87,G,G,G,768
156859,88,R,R,R,584
156859,89,B,B,B,1128
156859,90,G,G,G,984
156860,1,G,Y,G,2949
156860,2,B,G,G,5024
156860,3,Y,B,B,2576
156860,4,R,G,G,1664
156860,5,Y,B,B,3216
156860,6,G,Y,Y,3624
156860,7,Y,R,R,2680
156860,8,R,Y,Y,4424
156860,9,Y,B,B,4696
156860,10,R,Y,Y,3335
156860,11,G,R,R,3176
156860,12,B,Y,Y,2280
156860,13,Y,G,G,2216
156860,14,G,R,R,2480
156860,15,B,G,G,1592
156860,16,R,Y,Y,1800
156860,17,B,G,G,2184
156860,18,Y,B,B,3872
156860,21,G,B,B,2608
156860,22,Y,R,R,2024
156860,23,R,Y,Y,2064
156860,24,G,B,B,2040
156860,25,R,Y,Y,2184
156860,26,G,R,R,2504
156860,27,Y,B,B,1264
156860,28,G,Y,Y,1632
156860,29,Y,G,G,1904
156860,30,G,B,B,1344
156860,31,R,G,G,2616
156860,32,B,R,R,2096
156860,33,G,Y,Y,2384
156860,34,R,G,G,1608
156860,35,B,R,R,1720
156860,36,R,Y,Y,2464
156860,37,G,B,B,1712
156860,38,Y,R,R,1872
156860,39,B,Y,Y,2064
156860,40,R,B,B,1927
156860,41,G,R,R,2304
156860,42,Y,G,G,1616
156860,43,B,R,R,1936
156860,44,R,B,B,1848
156860,45,B,G,G,1888
156860,46,R,R,R,1908
156860,47,G,G,G,1320
156860,48,Y,Y,Y,1335
156860,49,G,G,G,1231
156860,50,Y,Y,Y,1271
156860,51,G,G,G,1127
156860,52,R,R,R,1807
156860,53,Y,Y,Y,1623
156860,54,G,G,G,1367
156860,55,R,R,G,1896
156860,56,G,G,G,1624
156860,57,Y,Y,Y,2976
156860,58,R,R,R,2256
156860,59,B,B,B,1831
156860,60,Y,Y,Y,2184
156860,61,R,R,R,1288
156860,62,Y,Y,Y,1503
156860,63,R,R,R,1295
156860,64,G,G,G,1312
156860,65,R,R,R,1120
156860,66,Y,Y,Y,1367
156860,67,G,G,G,2207
156860,68,R,R,R,1088
156860,69,B,B,B,1568
156860,70,G,G,G,1063
156860,71,R,R,R,1440
156860,72,G,G,G,1287
156860,73,B,B,B,1959
156860,74,R,R,R,1776
156860,75,G,G,G,1751
156860,76,R,R,R,2319
156860,77,Y,Y,Y,1800
156860,78,G,G,G,1983
156860,79,Y,Y,Y,2112
156860,80,G,G,G,2072
156860,81,Y,Y,Y,2231
156860,82,G,G,G,1791
156860,83,Y,Y,Y,1287
156860,84,R,R,R,1800
156860,85,B,B,B,1255
156860,86,G,G,G,1591
156860,87,R,R,R,3303
156860,88,Y,Y,Y,2512
156860,89,G,G,G,1848
156860,90,B,B,B,2048
156861,1,G,Y,G,2949
156861,2,B,G,G,5024
156861,3,Y,B,B,2576
156861,4,R,G,G,1664
156861,5,Y,B,B,3216
156861,6,G,Y,Y,3624
156861,7,Y,R,R,2680
156861,8,R,Y,Y,4424
156861,9,Y,B,B,4696
156861,10,R,Y,Y,3335
156861,11,G,R,R,3176
156861,12,B,Y,Y,2280
156861,13,Y,G,G,2216
156861,14,G,R,R,2480
156861,15,B,G,G,1592
156861,16,R,Y,Y,1800
156861,17,B,G,G,2184
156861,18,Y,B,B,3872
156861,21,G,B,B,2608
156861,22,Y,R,R,2024
156861,23,R,Y,Y,2064
156861,24,G,B,B,2040
156861,25,R,Y,Y,2184
156861,26,G,R,R,2504
156861,27,Y,B,B,1264
156861,28,G,Y,Y,1632
156861,29,Y,G,G,1904
156861,30,G,B,B,1344
156861,31,R,G,G,2616
156861,32,B,R,R,2096
156861,33,G,Y,Y,2384
156861,34,R,G,G,1608
156861,35,B,R,R,1720
156861,36,R,Y,Y,2464
156861,37,G,B,B,1712
156861,38,Y,R,R,1872
156861,39,B,Y,Y,2064
156861,40,R,B,B,1927
156861,41,G,R,R,2304
156861,42,Y,G,G,1616
156861,43,B,R,R,1936
156861,44,R,B,B,1848
156861,45,B,G,G,1888
156861,46,R,R,R,1908
156861,47,G,G,G,1320
156861,48,Y,Y,Y,1335
156861,49,G,G,G,1231
156861,50,Y,Y,Y,1271
156861,51,G,G,G,1127
156861,52,R,R,R,1807
156861,53,Y,Y,Y,1623
156861,54,G,G,G,1367
156861,55,R,R,G,1896
156861,56,G,G,G,1624
156861,57,Y,Y,Y,2976
156861,58,R,R,R,2256
156861,59,B,B,B,1831
156861,60,Y,Y,Y,2184
156861,61,R,R,R,1288
156861,62,Y,Y,Y,1503
156861,63,R,R,R,1295
156861,64,G,G,G,1312
156861,65,R,R,R,1120
156861,66,Y,Y,Y,1367
156861,67,G,G,G,2207
156861,68,R,R,R,1088
156861,69,B,B,B,1568
156861,70,G,G,G,1063
156861,71,R,R,R,1440
156861,72,G,G,G,1287
156861,73,B,B,B,1959
156861,74,R,R,R,1776
156861,75,G,G,G,1751
156861,76,R,R,R,2319
156861,77,Y,Y,Y,1800
156861,78,G,G,G,1983
156861,79,Y,Y,Y,2112
156861,80,G,G,G,2072
156861,81,Y,Y,Y,2231
156861,82,G,G,G,1791
156861,83,Y,Y,Y,1287
156861,84,R,R,R,1800
156861,85,B,B,B,1255
156861,86,G,G,G,1591
156861,87,R,R,R,3303
156861,88,Y,Y,Y,2512
156861,89,G,G,G,1848
156861,90,B,B,B,2048
156862,2,B,G,G,4000
156862,3,R,Y,Y,2920
156862,4,B,R,R,2184
156862,5,Y,B,B,2152
156862,6,B,G,G,5312
156862,7,Y,R,R,2432
156862,8,G,B,B,3200
156862,9,Y,R,R,5087
156862,10,G,B,B,1937
156862,11,B,R,R,1487
156862,12,Y,B,B,1263
156862,13,R,G,G,1215
156862,14,Y,B,B,2384
156862,15,R,Y,B,616
156862,16,G,B,B,1984
156862,17,Y,G,G,1368
156862,18,B,R,R,2768
156862,19,R,Y,Y,1391
156862,20,Y,B,B,1439
156862,21,R,G,G,1263
156862,22,B,Y,Y,1799
156862,23,Y,B,B,2880
156862,24,R,G,G,1681
156862,25,Y,R,R,1664
156862,26,R,B,G,1527
156862,27,G,R,R,2912
156862,28,B,Y,Y,2032
156862,29,G,R,R,3623
156862,30,B,Y,Y,1207
156862,31,R,G,G,1920
156862,32,B,R,R,2248
156862,33,R,G,G,1167
156862,34,B,R,R,1408
156862,35,R,G,G,1272
156862,36,G,B,B,2824
156862,37,R,G,G,1696
156862,38,B,R,R,2080
156862,39,G,B,B,1672
156862,40,B,Y,Y,1152
156862,41,G,R,R,1632
156862,42,B,Y,Y,1223
156862,43,Y,B,B,1416
156862,44,G,Y,Y,1104
156862,45,B,R,R,1392
156862,46,R,R,R,1701
156862,47,Y,Y,Y,880
156862,48,R,R,R,808
156862,49,B,B,B,1296
156862,50,R,R,R,840
156862,51,G,G,G,1000
156862,52,R,R,R,696
156862,53,Y,Y,Y,848
156862,54,R,R,R,768
156862,55,Y,Y,Y,776
156862,56,R,R,R,1184
156862,57,B,B,B,1400
156862,58,R,R,R,800
156862,59,B,B,B,1088
156862,60,R,R,R,896
156862,61,Y,Y,Y,888
156862,62,B,B,B,1344
156862,63,G,G,G,1200
156862,64,Y,Y,Y,1160
156862,65,G,G,G,1312
156862,66,B,B,B,1264
156862,67,R,R,R,856
156862,68,B,B,B,1368
156862,69,G,G,G,960
156862,70,Y,Y,Y,832
156862,71,G,G,G,1008
156862,72,B,B,B,1352
156862,73,Y,Y,Y,1032
156862,74,R,R,R,856
156862,75,G,G,G,968
156862,76,B,B,B,1256
156862,77,R,R,R,1000
156862,78,G,G,G,1200
156862,79,R,R,R,776
156862,80,B,B,B,944
156862,81,G,G,G,872
156862,82,B,B,B,936
156862,83,R,R,R,760
156862,84,G,G,G,904
156862,85,Y,Y,Y,808
156862,86,B,B,B,1400
156862,87,G,G,G,768
156862,88,R,R,R,584
156862,89,B,B,B,1128
156862,90,G,G,G,984
156863,1,G,Y,G,2949
156863,2,B,G,G,5024
156863,3,Y,B,B,2576
156863,4,R,G,G,1664
156863,5,Y,B,B,3216
156863,6,G,Y,Y,3624
156863,7,Y,R,R,2680
156863,8,R,Y,Y,4424
156863,9,Y,B,B,4696
156863,10,R,Y,Y,3335
156863,11,G,R,R,3176
156863,12,B,Y,Y,2280
156863,13,Y,G,G,2216
156863,14,G,R,R,2480
156863,15,B,G,G,1592
156863,16,R,Y,Y,1800
156863,17,B,G,G,2184
156863,18,Y,B,B,3872
156863,21,G,B,B,2608
156863,22,Y,R,R,2024
156863,23,R,Y,Y,2064
156863,24,G,B,B,2040
156863,25,R,Y,Y,2184
156863,26,G,R,R,2504
156863,27,Y,B,B,1264
156863,28,G,Y,Y,1632
156863,29,Y,G,G,1904
156863,30,G,B,B,1344
156863,31,R,G,G,2616
156863,32,B,R,R,2096
156863,33,G,Y,Y,2384
156863,34,R,G,G,1608
156863,35,B,R,R,1720
156863,36,R,Y,Y,2464
156863,37,G,B,B,1712
156863,38,Y,R,R,1872
156863,39,B,Y,Y,2064
156863,40,R,B,B,1927
156863,41,G,R,R,2304
156863,42,Y,G,G,1616
156863,43,B,R,R,1936
156863,44,R,B,B,1848
156863,45,B,G,G,1888
156863,46,R,R,R,1908
156863,47,G,G,G,1320
156863,48,Y,Y,Y,1335
156863,49,G,G,G,1231
156863,50,Y,Y,Y,1271
156863,51,G,G,G,1127
156863,52,R,R,R,1807
156863,53,Y,Y,Y,1623
156863,54,G,G,G,1367
156863,55,R,R,G,1896
156863,56,G,G,G,1624
156863,57,Y,Y,Y,2976
156863,58,R,R,R,2256
156863,59,B,B,B,1831
156863,60,Y,Y,Y,2184
156863,61,R,R,R,1288
156863,62,Y,Y,Y,1503
156863,63,R,R,R,1295
156863,64,G,G,G,1312
156863,65,R,R,R,1120
156863,66,Y,Y,Y,1367
156863,67,G,G,G,2207
156863,68,R,R,R,1088
156863,69,B,B,B,1568
156863,70,G,G,G,1063
156863,71,R,R,R,1440
156863,72,G,G,G,1287
156863,73,B,B,B,1959
156863,74,R,R,R,1776
156863,75,G,G,G,1751
156863,76,R,R,R,2319
156863,77,Y,Y,Y,1800
156863,78,G,G,G,1983
156863,79,Y,Y,Y,2112
156863,80,G,G,G,2072
156863,81,Y,Y,Y,2231
156863,82,G,G,G,1791
156863,83,Y,Y,Y,1287
156863,84,R,R,R,1800
156863,85,B,B,B,1255
156863,86,G,G,G,1591
156863,87,R,R,R,3303
156863,88,Y,Y,Y,2512
156863,89,G,G,G,1848
156863,90,B,B,B,2048
156864,1,Y,G,G,3844
156864,2,B,R,R,3992
156864,3,R,G,G,1616
156864,4,Y,B,B,1408
156864,5,R,G,R,2304
156864,6,B,R,R,2496
156864,7,R,Y,Y,2624
156864,8,B,G,G,2464
156864,9,Y,B,Y,3200
156864,11,Y,B,B,1816
156864,12,B,R,R,2224
156864,13,G,Y,G,1968
156864,14,Y,B,B,2976
156864,15,B,R,R,2320
156864,16,Y,G,G,2120
156864,17,B,Y,Y,2632
156864,18,G,R,R,2592
156864,19,R,G,G,1943
156864,20,G,Y,Y,1935
156864,21,B,R,R,2472
156864,22,R,B,B,1832
156864,23,B,R,R,1695
156864,24,Y,B,B,3319
156864,25,G,Y,Y,3839
156864,26,B,R,R,2087
156864,27,G,B,B,2200
156864,28,Y,G,G,1615
156864,29,B,Y,Y,2031
156864,30,G,B,B,1599
156864,31,R,G,G,1329
156864,32,Y,B,B,1295
156864,33,G,R,R,1240
156864,34,R,Y,Y,1943
156864,35,Y,G,G,2944
156864,36,B,R,R,1952
156864,37,R,G,G,2984
156864,38,B,R,R,1631
156864,39,Y,G,G,2640
156864,40,G,Y,Y,2240
156864,41,Y,G,G,1848
156864,42,R,B,B,2464
156864,43,Y,G,G,4208
156864,44,G,R,R,1624
156864,45,R,G,G,1792
156864,46,Y,Y,Y,2149
156864,47,G,G,G,1712
156864,48,B,B,B,1583
156864,49,Y,Y,Y,1505
156864,50,B,B,B,1415
156864,51,R,R,R,1128
156864,52,G,G,G,1048
156864,53,B,B,B,1232
156864,54,G,G,G,1175
156864,55,Y,Y,Y,1089
156864,56,R,R,R,1000
156864,57,Y,Y,Y,959
156864,58,G,G,G,1096
156864,59,R,R,R,984
156864,60,G,G,G,983
156864,61,Y,Y,Y,1232
156864,62,B,B,B,1368
156864,63,Y,Y,Y,1704
156864,64,B,B,B,968
156864,65,G,G,G,1056
156864,66,Y,Y,Y,960
156864,67,B,B,B,1072
156864,68,Y,Y,Y,984
156864,69,B,B,B,1584
156864,70,G,G,G,536
156864,71,B,B,B,1184
156864,72,R,R,R,576
156864,73,B,B,B,848
156864,74,G,G,G,1168
156864,75,R,R,R,872
156864,76,Y,Y,Y,928
156864,77,B,B,B,1208
156864,78,Y,Y,Y,992
156864,79,B,B,B,1280
156864,80,Y,Y,Y,1160
156864,81,B,B,B,1039
156864,82,G,G,G,976
156864,83,B,B,B,1256
156864,84,G,G,G,728
156864,85,Y,Y,Y,1008
156864,86,R,R,R,440
156864,87,Y,Y,Y,960
156864,88,R,R,R,807
156864,89,G,G,G,1120
156864,90,Y,Y,Y,1008
156865,1,Y,G,G,3844
156865,2,B,R,R,3992
156865,3,R,G,G,1616
156865,4,Y,B,B,1408
156865,5,R,G,R,2304
156865,6,B,R,R,2496
156865,7,R,Y,Y,2624
156865,8,B,G,G,2464
156865,9,Y,B,Y,3200
156865,11,Y,B,B,1816
156865,12,B,R,R,2224
156865,13,G,Y,G,1968
156865,14,Y,B,B,2976
156865,15,B,R,R,2320
156865,16,Y,G,G,2120
156865,17,B,Y,Y,2632
156865,18,G,R,R,2592
156865,19,R,G,G,1943
156865,20,G,Y,Y,1935
156865,21,B,R,R,2472
156865,22,R,B,B,1832
156865,23,B,R,R,1695
156865,24,Y,B,B,3319
156865,25,G,Y,Y,3839
156865,26,B,R,R,2087
156865,27,G,B,B,2200
156865,28,Y,G,G,1615
156865,29,B,Y,Y,2031
156865,30,G,B,B,1599
156865,31,R,G,G,1329
156865,32,Y,B,B,1295
156865,33,G,R,R,1240
156865,34,R,Y,Y,1943
156865,35,Y,G,G,2944
156865,36,B,R,R,1952
156865,37,R,G,G,2984
156865,38,B,R,R,1631
156865,39,Y,G,G,2640
156865,40,G,Y,Y,2240
156865,41,Y,G,G,1848
156865,42,R,B,B,2464
156865,43,Y,G,G,4208
156865,44,G,R,R,1624
156865,45,R,G,G,1792
156865,46,Y,Y,Y,2149
156865,47,G,G,G,1712
156865,48,B,B,B,1583
156865,49,Y,Y,Y,1505
156865,50,B,B,B,1415
156865,51,R,R,R,1128
156865,52,G,G,G,1048
156865,53,B,B,B,1232
156865,54,G,G,G,1175
156865,55,Y,Y,Y,1089
156865,56,R,R,R,1000
156865,57,Y,Y,Y,959
156865,58,G,G,G,1096
156865,59,R,R,R,984
156865,60,G,G,G,983
156865,61,Y,Y,Y,1232
156865,62,B,B,B,1368
156865,63,Y,Y,Y,1704
156865,64,B,B,B,968
156865,65,G,G,G,1056
156865,66,Y,Y,Y,960
156865,67,B,B,B,1072
156865,68,Y,Y,Y,984
156865,69,B,B,B,1584
156865,70,G,G,G,536
156865,71,B,B,B,1184
156865,72,R,R,R,576
156865,73,B,B,B,848
156865,74,G,G,G,1168
156865,75,R,R,R,872
156865,76,Y,Y,Y,928
156865,77,B,B,B,1208
156865,78,Y,Y,Y,992
156865,79,B,B,B,1280
156865,80,Y,Y,Y,1160
156865,81,B,B,B,1039
156865,82,G,G,G,976
156865,83,B,B,B,1256
156865,84,G,G,G,728
156865,85,Y,Y,Y,1008
156865,86,R,R,R,440
156865,87,Y,Y,Y,960
156865,88,R,R,R,807
156865,89,G,G,G,1120
156865,90,Y,Y,Y,1008
156866,1,Y,G,G,3844
156866,2,B,R,R,3992
156866,3,R,G,G,1616
156866,4,Y,B,B,1408
156866,5,R,G,R,2304
156866,6,B,R,R,2496
156866,7,R,Y,Y,2624
156866,8,B,G,G,2464
156866,9,Y,B,Y,3200
156866,11,Y,B,B,1816
156866,12,B,R,R,2224
156866,13,G,Y,G,1968
156866,14,Y,B,B,2976
156866,15,B,R,R,2320
156866,16,Y,G,G,2120
156866,17,B,Y,Y,2632
156866,18,G,R,R,2592
156866,19,R,G,G,1943
156866,20,G,Y,Y,1935
156866,21,B,R,R,2472
156866,22,R,B,B,1832
156866,23,B,R,R,1695
156866,24,Y,B,B,3319
156866,25,G,Y,Y,3839
156866,26,B,R,R,2087
156866,27,G,B,B,2200
156866,28,Y,G,G,1615
156866,29,B,Y,Y,2031
156866,30,G,B,B,1599
156866,31,R,G,G,1329
156866,32,Y,B,B,1295
156866,33,G,R,R,1240
156866,34,R,Y,Y,1943
156866,35,Y,G,G,2944
156866,36,B,R,R,1952
156866,37,R,G,G,2984
156866,38,B,R,R,1631
156866,39,Y,G,G,2640
156866,40,G,Y,Y,2240
156866,41,Y,G,G,1848
156866,42,R,B,B,2464
156866,43,Y,G,G,4208
156866,44,G,R,R,1624
156866,45,R,G,G,1792
156866,46,Y,Y,Y,2149
156866,47,G,G,G,1712
156866,48,B,B,B,1583
156866,49,Y,Y,Y,1505
156866,50,B,B,B,1415
156866,51,R,R,R,1128
156866,52,G,G,G,1048
156866,53,B,B,B,1232
156866,54,G,G,G,1175
156866,55,Y,Y,Y,1089
156866,56,R,R,R,1000
156866,57,Y,Y,Y,959
156866,58,G,G,G,1096
156866,59,R,R,R,984
156866,60,G,G,G,983
156866,61,Y,Y,Y,1232
156866,62,B,B,B,1368
156866,63,Y,Y,Y,1704
156866,64,B,B,B,968
156866,65,G,G,G,1056
156866,66,Y,Y,Y,960
156866,67,B,B,B,1072
156866,68,Y,Y,Y,984
156866,69,B,B,B,1584
156866,70,G,G,G,536
156866,71,B,B,B,1184
156866,72,R,R,R,576
156866,73,B,B,B,848
156866,74,G,G,G,1168
156866,75,R,R,R,872
156866,76,Y,Y,Y,928
156866,77,B,B,B,1208
156866,78,Y,Y,Y,992
156866,79,B,B,B,1280
156866,80,Y,Y,Y,1160
156866,81,B,B,B,1039
156866,82,G,G,G,976
156866,83,B,B,B,1256
156866,84,G,G,G,728
156866,85,Y,Y,Y,1008
156866,86,R,R,R,440
156866,87,Y,Y,Y,960
156866,88,R,R,R,807
156866,89,G,G,G,1120
156866,90,Y,Y,Y,1008
156867,1,Y,G,G,3844
156867,2,B,R,R,3992
156867,3,R,G,G,1616
156867,4,Y,B,B,1408
156867,5,R,G,R,2304
156867,6,B,R,R,2496
156867,7,R,Y,Y,2624
156867,8,B,G,G,2464
156867,9,Y,B,Y,3200
156867,11,Y,B,B,1816
156867,12,B,R,R,2224
156867,13,G,Y,G,1968
156867,14,Y,B,B,2976
156867,15,B,R,R,2320
156867,16,Y,G,G,2120
156867,17,B,Y,Y,2632
156867,18,G,R,R,2592
156867,19,R,G,G,1943
156867,20,G,Y,Y,1935
156867,21,B,R,R,2472
156867,22,R,B,B,1832
156867,23,B,R,R,1695
156867,24,Y,B,B,3319
156867,25,G,Y,Y,3839
156867,26,B,R,R,2087
156867,27,G,B,B,2200
156867,28,Y,G,G,1615
156867,29,B,Y,Y,2031
156867,30,G,B,B,1599
156867,31,R,G,G,1329
156867,32,Y,B,B,1295
156867,33,G,R,R,1240
156867,34,R,Y,Y,1943
156867,35,Y,G,G,2944
156867,36,B,R,R,1952
156867,37,R,G,G,2984
156867,38,B,R,R,1631
156867,39,Y,G,G,2640
156867,40,G,Y,Y,2240
156867,41,Y,G,G,1848
156867,42,R,B,B,2464
156867,43,Y,G,G,4208
156867,44,G,R,R,1624
156867,45,R,G,G,1792
156867,46,Y,Y,Y,2149
156867,47,G,G,G,1712
156867,48,B,B,B,1583
156867,49,Y,Y,Y,1505
156867,50,B,B,B,1415
156867,51,R,R,R,1128
156867,52,G,G,G,1048
156867,53,B,B,B,1232
156867,54,G,G,G,1175
156867,55,Y,Y,Y,1089
156867,56,R,R,R,1000
156867,57,Y,Y,Y,959
156867,58,G,G,G,1096
156867,59,R,R,R,984
156867,60,G,G,G,983
156867,61,Y,Y,Y,1232
156867,62,B,B,B,1368
156867,63,Y,Y,Y,1704
156867,64,B,B,B,968
156867,65,G,G,G,1056
156867,66,Y,Y,Y,960
156867,67,B,B,B,1072
156867,68,Y,Y,Y,984
156867,69,B,B,B,1584
156867,70,G,G,G,536
156867,71,B,B,B,1184
156867,72,R,R,R,576
156867,73,B,B,B,848
156867,74,G,G,G,1168
156867,75,R,R,R,872
156867,76,Y,Y,Y,928
156867,77,B,B,B,1208
156867,78,Y,Y,Y,992
156867,79,B,B,B,1280
156867,80,Y,Y,Y,1160
156867,81,B,B,B,1039
156867,82,G,G,G,976
156867,83,B,B,B,1256
156867,84,G,G,G,728
156867,85,Y,Y,Y,1008
156867,86,R,R,R,440
156867,87,Y,Y,Y,960
156867,88,R,R,R,807
156867,89,G,G,G,1120
156867,90,Y,Y,Y,1008
156868,1,G,B,B,2738
156868,2,R,Y,Y,2664
156868,3,Y,R,R,2135
156868,4,R,B,B,2232
156868,5,G,Y,Y,2528
156868,6,R,B,B,1848
156868,7,B,G,G,1872
156868,8,R,Y,Y,1687
156868,9,Y,G,G,2063
156868,10,R,Y,Y,2264
156868,11,G,B,B,1592
156868,12,R,G,G,2600
156868,13,G,Y,Y,1575
156868,14,R,B,B,1560
156868,15,Y,R,R,1927
156868,16,R,B,B,2544
156868,17,G,R,R,4552
156868,18,Y,G,G,1520
156868,19,R,Y,Y,1752
156868,20,B,G,G,2592
156868,21,G,Y,Y,1848
156868,22,Y,G,G,1359
156868,23,B,R,R,1632
156868,24,G,B,B,984
156868,25,Y,R,R,1639
156868,26,B,Y,Y,2000
156868,27,G,B,B,2712
156868,28,Y,G,G,1952
156868,29,R,B,B,3832
156868,30,G,R,R,1656
156868,31,Y,G,G,1520
156868,32,B,Y,Y,1488
156868,33,R,B,B,1840
156868,34,B,Y,Y,1536
156868,35,G,R,R,1456
156868,36,B,Y,Y,1792
156868,37,R,G,G,1864
156868,38,B,Y,Y,1752
156868,39,G,B,B,1376
156868,40,B,R,R,1858
156868,41,Y,B,B,1589
156868,42,R,Y,Y,1600
156868,43,G,B,B,1456
156868,44,B,Y,Y,1592
156868,45,R,G,G,1512
156868,46,G,G,G,2437
156868,47,R,R,R,1496
156868,48,G,G,G,1632
156868,49,R,R,R,2264
156868,50,Y,Y,Y,1648
156868,51,G,G,G,1240
156868,52,R,R,R,1888
156868,53,Y,Y,Y,1976
156868,54,R,R,R,1720
156868,55,G,G,G,1392
156868,56,B,B,B,1120
156868,57,Y,Y,Y,1128
156868,58,G,G,G,1192
156868,59,R,R,R,1736
156868,60,G,G,G,1000
156868,61,B,B,B,1064
156868,62,G,G,G,896
156868,63,B,B,B,792
156868,64,Y,Y,Y,1336
156868,65,B,B,B,1048
156868,66,G,G,G,856
156868,67,Y,Y,Y,1184
156868,68,R,R,R,1864
156868,69,Y,Y,Y,1752
156868,70,R,R,R,1568
156868,71,B,B,B,1048
156868,72,R,R,R,1280
156868,73,G,G,G,1176
156868,74,B,B,B,1112
156868,75,R,R,R,1384
156868,76,B,B,B,1264
156868,77,G,G,G,1136
156868,78,R,R,R,1096
156868,79,G,G,G,776
156868,80,B,B,B,1192
156868,81,G,G,G,896
156868,82,R,R,R,1352
156868,83,Y,Y,Y,1728
156868,84,G,G,G,1160
156868,85,B,B,B,920
156868,86,Y,Y,Y,1432
156868,87,G,G,G,1296
156868,88,R,R,R,2168
156868,89,G,G,G,2144
156868,90,Y,Y,Y,1600
156869,1,Y,G,G,3844
156869,2,B,R,R,3992
156869,3,R,G,G,1616
156869,4,Y,B,B,1408
156869,5,R,G,R,2304
156869,6,B,R,R,2496
156869,7,R,Y,Y,2624
156869,8,B,G,G,2464
156869,9,Y,B,Y,3200
156869,11,Y,B,B,1816
156869,12,B,R,R,2224
156869,13,G,Y,G,1968
156869,14,Y,B,B,2976
156869,15,B,R,R,2320
156869,16,Y,G,G,2120
156869,17,B,Y,Y,2632
156869,18,G,R,R,2592
156869,19,R,G,G,1943
156869,20,G,Y,Y,1935
156869,21,B,R,R,2472
156869,22,R,B,B,1832
156869,23,B,R,R,1695
156869,24,Y,B,B,3319
156869,25,G,Y,Y,3839
156869,26,B,R,R,2087
156869,27,G,B,B,2200
156869,28,Y,G,G,1615
156869,29,B,Y,Y,2031
156869,30,G,B,B,1599
156869,31,R,G,G,1329
156869,32,Y,B,B,1295
156869,33,G,R,R,1240
156869,34,R,Y,Y,1943
156869,35,Y,G,G,2944
156869,36,B,R,R,1952
156869,37,R,G,G,2984
156869,38,B,R,R,1631
156869,39,Y,G,G,2640
156869,40,G,Y,Y,2240
156869,41,Y,G,G,1848
156869,42,R,B,B,2464
156869,43,Y,G,G,4208
156869,44,G,R,R,1624
156869,45,R,G,G,1792
156869,46,Y,Y,Y,2149
156869,47,G,G,G,1712
156869,48,B,B,B,1583
156869,49,Y,Y,Y,1505
156869,50,B,B,B,1415
156869,51,R,R,R,1128
156869,52,G,G,G,1048
156869,53,B,B,B,1232
156869,54,G,G,G,1175
156869,55,Y,Y,Y,1089
156869,56,R,R,R,1000
156869,57,Y,Y,Y,959
156869,58,G,G,G,1096
156869,59,R,R,R,984
156869,60,G,G,G,983
156869,61,Y,Y,Y,1232
156869,62,B,B,B,1368
156869,63,Y,Y,Y,1704
156869,64,B,B,B,968
156869,65,G,G,G,1056
156869,66,Y,Y,Y,960
156869,67,B,B,B,1072
156869,68,Y,Y,Y,984
156869,69,B,B,B,1584
156869,70,G,G,G,536
156869,71,B,B,B,1184
156869,72,R,R,R,576
156869,73,B,B,B,848
156869,74,G,G,G,1168
156869,75,R,R,R,872
156869,76,Y,Y,Y,928
156869,77,B,B,B,1208
156869,78,Y,Y,Y,992
156869,79,B,B,B,1280
156869,80,Y,Y,Y,1160
156869,81,B,B,B,1039
156869,82,G,G,G,976
156869,83,B,B,B,1256
156869,84,G,G,G,728
156869,85,Y,Y,Y,1008
156869,86,R,R,R,440
156869,87,Y,Y,Y,960
156869,88,R,R,R,807
156869,89,G,G,G,1120
156869,90,Y,Y,Y,1008
156870,1,Y,G,G,3844
156870,2,B,R,R,3992
156870,3,R,G,G,1616
156870,4,Y,B,B,1408
156870,5,R,G,R,2304
156870,6,B,R,R,2496
156870,7,R,Y,Y,2624
156870,8,B,G,G,2464
156870,9,Y,B,Y,3200
156870,11,Y,B,B,1816
156870,12,B,R,R,2224
156870,13,G,Y,G,1968
156870,14,Y,B,B,2976
156870,15,B,R,R,2320
156870,16,Y,G,G,2120
156870,17,B,Y,Y,2632
156870,18,G,R,R,2592
156870,19,R,G,G,1943
156870,20,G,Y,Y,1935
156870,21,B,R,R,2472
156870,22,R,B,B,1832
156870,23,B,R,R,1695
156870,24,Y,B,B,3319
156870,25,G,Y,Y,3839
156870,26,B,R,R,2087
156870,27,G,B,B,2200
156870,28,Y,G,G,1615
156870,29,B,Y,Y,2031
156870,30,G,B,B,1599
156870,31,R,G,G,1329
156870,32,Y,B,B,1295
156870,33,G,R,R,1240
156870,34,R,Y,Y,1943
156870,35,Y,G,G,2944
156870,36,B,R,R,1952
156870,37,R,G,G,2984
156870,38,B,R,R,1631
156870,39,Y,G,G,2640
156870,40,G,Y,Y,2240
156870,41,Y,G,G,1848
156870,42,R,B,B,2464
156870,43,Y,G,G,4208
156870,44,G,R,R,1624
156870,45,R,G,G,1792
156870,46,Y,Y,Y,2149
156870,47,G,G,G,1712
156870,48,B,B,B,1583
156870,49,Y,Y,Y,1505
156870,50,B,B,B,1415
156870,51,R,R,R,1128
156870,52,G,G,G,1048
156870,53,B,B,B,1232
156870,54,G,G,G,1175
156870,55,Y,Y,Y,1089
156870,56,R,R,R,1000
156870,57,Y,Y,Y,959
156870,58,G,G,G,1096
156870,59,R,R,R,984
156870,60,G,G,G,983
156870,61,Y,Y,Y,1232
156870,62,B,B,B,1368
156870,63,Y,Y,Y,1704
156870,64,B,B,B,968
156870,65,G,G,G,1056
156870,66,Y,Y,Y,960
156870,67,B,B,B,1072
156870,68,Y,Y,Y,984
156870,69,B,B,B,1584
156870,70,G,G,G,536
156870,71,B,B,B,1184
156870,72,R,R,R,576
156870,73,B,B,B,848
156870,74,G,G,G,1168
156870,75,R,R,R,872
156870,76,Y,Y,Y,928
156870,77,B,B,B,1208
156870,78,Y,Y,Y,992
156870,79,B,B,B,1280
156870,80,Y,Y,Y,1160
156870,81,B,B,B,1039
156870,82,G,G,G,976
156870,83,B,B,B,1256
156870,84,G,G,G,728
156870,85,Y,Y,Y,1008
156870,86,R,R,R,440
156870,87,Y,Y,Y,960
156870,88,R,R,R,807
156870,89,G,G,G,1120
156870,90,Y,Y,Y,1008
156871,1,Y,G,G,3844
156871,2,B,R,R,3992
156871,3,R,G,G,1616
156871,4,Y,B,B,1408
156871,5,R,G,R,2304
156871,6,B,R,R,2496
156871,7,R,Y,Y,2624
156871,8,B,G,G,2464
156871,9,Y,B,Y,3200
156871,11,Y,B,B,1816
156871,12,B,R,R,2224
156871,13,G,Y,G,1968
156871,14,Y,B,B,2976
156871,15,B,R,R,2320
156871,16,Y,G,G,2120
156871,17,B,Y,Y,2632
156871,18,G,R,R,2592
156871,19,R,G,G,1943
156871,20,G,Y,Y,1935
156871,21,B,R,R,2472
156871,22,R,B,B,1832
156871,23,B,R,R,1695
156871,24,Y,B,B,3319
156871,25,G,Y,Y,3839
156871,26,B,R,R,2087
156871,27,G,B,B,2200
156871,28,Y,G,G,1615
156871,29,B,Y,Y,2031
156871,30,G,B,B,1599
156871,31,R,G,G,1329
156871,32,Y,B,B,1295
156871,33,G,R,R,1240
156871,34,R,Y,Y,1943
156871,35,Y,G,G,2944
156871,36,B,R,R,1952
156871,37,R,G,G,2984
156871,38,B,R,R,1631
156871,39,Y,G,G,2640
156871,40,G,Y,Y,2240
156871,41,Y,G,G,1848
156871,42,R,B,B,2464
156871,43,Y,G,G,4208
156871,44,G,R,R,1624
156871,45,R,G,G,1792
156871,46,Y,Y,Y,2149
156871,47,G,G,G,1712
156871,48,B,B,B,1583
156871,49,Y,Y,Y,1505
156871,50,B,B,B,1415
156871,51,R,R,R,1128
156871,52,G,G,G,1048
156871,53,B,B,B,1232
156871,54,G,G,G,1175
156871,55,Y,Y,Y,1089
156871,56,R,R,R,1000
156871,57,Y,Y,Y,959
156871,58,G,G,G,1096
156871,59,R,R,R,984
156871,60,G,G,G,983
156871,61,Y,Y,Y,1232
156871,62,B,B,B,1368
156871,63,Y,Y,Y,1704
156871,64,B,B,B,968
156871,65,G,G,G,1056
156871,66,Y,Y,Y,960
156871,67,B,B,B,1072
156871,68,Y,Y,Y,984
156871,69,B,B,B,1584
156871,70,G,G,G,536
156871,71,B,B,B,1184
156871,72,R,R,R,576
156871,73,B,B,B,848
156871,74,G,G,G,1168
156871,75,R,R,R,872
156871,76,Y,Y,Y,928
156871,77,B,B,B,1208
156871,78,Y,Y,Y,992
156871,79,B,B,B,1280
156871,80,Y,Y,Y,1160
156871,81,B,B,B,1039
156871,82,G,G,G,976
156871,83,B,B,B,1256
156871,84,G,G,G,728
156871,85,Y,Y,Y,1008
156871,86,R,R,R,440
156871,87,Y,Y,Y,960
156871,88,R,R,R,807
156871,89,G,G,G,1120
156871,90,Y,Y,Y,1008
156872,2,Y,B,R,2984
156872,3,G,Y,G,2944
156872,4,Y,B,G,3040
156872,7,B,Y,Y,4600
156872,8,Y,B,B,2032
156872,9,R,G,G,2320
156872,10,B,Y,Y,2312
156872,11,Y,R,R,2424
156872,12,R,B,B,3968
156872,13,B,G,G,2488
156872,14,R,Y,Y,2872
156872,15,B,G,G,3048
156872,16,R,Y,Y,2840
156872,17,Y,G,G,2336
156872,18,B,Y,Y,2456
156872,19,Y,R,R,1767
156872,20,G,B,B,1976
156872,21,R,Y,Y,2024
156872,22,Y,B,B,3704
156872,23,R,G,G,1656
156872,24,Y,B,B,1464
156872,25,G,Y,Y,3095
156872,26,R,B,B,2233
156872,27,Y,G,G,2224
156872,28,B,R,R,2151
156872,29,Y,G,G,2112
156872,30,G,B,B,1256
156872,31,Y,R,R,1472
156872,32,G,B,B,1768
156872,33,B,Y,Y,2128
156872,34,G,B,B,2287
156872,35,B,G,G,1391
156872,36,R,B,B,2175
156872,37,B,R,R,1552
156872,38,R,B,B,1928
156872,39,B,G,G,1176
156872,40,Y,R,R,3216
156872,41,R,G,G,2024
156872,42,B,Y,Y,2688
156872,43,G,B,B,1664
156872,44,R,Y,Y,3088
156872,45,Y,B,B,2272
156872,46,G,G,G,3989
156872,47,R,R,R,2424
156872,48,G,G,G,1856
156872,49,Y,Y,Y,1880
156872,50,G,G,G,2048
156872,51,B,B,B,1776
156872,52,R,R,R,2040
156872,53,B,B,B,1920
156872,54,Y,Y,Y,1792
156872,55,B,B,B,1752
156872,56,G,G,G,1456
156872,57,Y,Y,Y,1520
156872,58,G,G,G,2136
156872,59,R,R,R,1576
156872,60,G,G,G,1464
156872,61,Y,Y,Y,1520
156872,62,G,G,G,2240
156872,63,Y,Y,Y,1864
156872,64,R,R,R,1616
156872,65,B,B,B,2208
156872,66,Y,Y,Y,1504
156872,67,B,B,B,2200
156872,68,G,G,G,1384
156872,69,Y,Y,Y,1480
156872,70,G,G,G,1808
156872,71,Y,Y,Y,2008
156872,72,B,B,B,1944
156872,73,G,G,G,1760
156872,74,B,B,B,1440
156872,75,G,G,G,1552
156872,76,B,B,B,1624
156872,77,Y,Y,Y,1360
156872,78,R,R,R,1376
156872,79,G,G,G,1512
156872,80,B,B,B,1680
156872,81,R,R,R,1496
156872,82,G,G,G,2056
156872,83,R,R,R,1568
156872,84,G,G,G,2008
156872,85,R,R,R,1248
156872,86,Y,Y,Y,1632
156872,87,G,G,G,2016
156872,88,R,R,R,1472
156872,89,G,G,G,1799
156872,90,Y,Y,Y,1471
156873,1,Y,G,G,3844
156873,2,B,R,R,3992
156873,3,R,G,G,1616
156873,4,Y,B,B,1408
156873,5,R,G,R,2304
156873,6,B,R,R,2496
156873,7,R,Y,Y,2624
156873,8,B,G,G,2464
156873,9,Y,B,Y,3200
156873,11,Y,B,B,1816
156873,12,B,R,R,2224
156873,13,G,Y,G,1968
156873,14,Y,B,B,2976
156873,15,B,R,R,2320
156873,16,Y,G,G,2120
156873,17,B,Y,Y,2632
156873,18,G,R,R,2592
156873,19,R,G,G,1943
156873,20,G,Y,Y,1935
156873,21,B,R,R,2472
156873,22,R,B,B,1832
156873,23,B,R,R,1695
156873,24,Y,B,B,3319
156873,25,G,Y,Y,3839
156873,26,B,R,R,2087
156873,27,G,B,B,2200
156873,28,Y,G,G,1615
156873,29,B,Y,Y,2031
156873,30,G,B,B,1599
156873,31,R,G,G,1329
156873,32,Y,B,B,1295
156873,33,G,R,R,1240
156873,34,R,Y,Y,1943
156873,35,Y,G,G,2944
156873,36,B,R,R,1952
156873,37,R,G,G,2984
156873,38,B,R,R,1631
156873,39,Y,G,G,2640
156873,40,G,Y,Y,2240
156873,41,Y,G,G,1848
156873,42,R,B,B,2464
156873,43,Y,G,G,4208
156873,44,G,R,R,1624
156873,45,R,G,G,1792
156873,46,Y,Y,Y,2149
156873,47,G,G,G,1712
156873,48,B,B,B,1583
156873,49,Y,Y,Y,1505
156873,50,B,B,B,1415
156873,51,R,R,R,1128
156873,52,G,G,G,1048
156873,53,B,B,B,1232
156873,54,G,G,G,1175
156873,55,Y,Y,Y,1089
156873,56,R,R,R,1000
156873,57,Y,Y,Y,959
156873,58,G,G,G,1096
156873,59,R,R,R,984
156873,60,G,G,G,983
156873,61,Y,Y,Y,1232
156873,62,B,B,B,1368
156873,63,Y,Y,Y,1704
156873,64,B,B,B,968
156873,65,G,G,G,1056
156873,66,Y,Y,Y,960
156873,67,B,B,B,1072
156873,68,Y,Y,Y,984
156873,69,B,B,B,1584
156873,70,G,G,G,536
156873,71,B,B,B,1184
156873,72,R,R,R,576
156873,73,B,B,B,848
156873,74,G,G,G,1168
156873,75,R,R,R,872
156873,76,Y,Y,Y,928
156873,77,B,B,B,1208
156873,78,Y,Y,Y,992
156873,79,B,B,B,1280
156873,80,Y,Y,Y,1160
156873,81,B,B,B,1039
156873,82,G,G,G,976
156873,83,B,B,B,1256
156873,84,G,G,G,728
156873,85,Y,Y,Y,1008
156873,86,R,R,R,440
156873,87,Y,Y,Y,960
156873,88,R,R,R,807
156873,89,G,G,G,1120
156873,90,Y,Y,Y,1008
156874,1,Y,G,G,3844
156874,2,B,R,R,3992
156874,3,R,G,G,1616
156874,4,Y,B,B,1408
156874,5,R,G,R,2304
156874,6,B,R,R,2496
156874,7,R,Y,Y,2624
156874,8,B,G,G,2464
156874,9,Y,B,Y,3200
156874,11,Y,B,B,1816
156874,12,B,R,R,2224
156874,13,G,Y,G,1968
156874,14,Y,B,B,2976
156874,15,B,R,R,2320
156874,16,Y,G,G,2120
156874,17,B,Y,Y,2632
156874,18,G,R,R,2592
156874,19,R,G,G,1943
156874,20,G,Y,Y,1935
156874,21,B,R,R,2472
156874,22,R,B,B,1832
156874,23,B,R,R,1695
156874,24,Y,B,B,3319
156874,25,G,Y,Y,3839
156874,26,B,R,R,2087
156874,27,G,B,B,2200
156874,28,Y,G,G,1615
156874,29,B,Y,Y,2031
156874,30,G,B,B,1599
156874,31,R,G,G,1329
156874,32,Y,B,B,1295
156874,33,G,R,R,1240
156874,34,R,Y,Y,1943
156874,35,Y,G,G,2944
156874,36,B,R,R,1952
156874,37,R,G,G,2984
156874,38,B,R,R,1631
156874,39,Y,G,G,2640
156874,40,G,Y,Y,2240
156874,41,Y,G,G,1848
156874,42,R,B,B,2464
156874,43,Y,G,G,4208
156874,44,G,R,R,1624
156874,45,R,G,G,1792
156874,46,Y,Y,Y,2149
156874,47,G,G,G,1712
156874,48,B,B,B,1583
156874,49,Y,Y,Y,1505
156874,50,B,B,B,1415
156874,51,R,R,R,1128
156874,52,G,G,G,1048
156874,53,B,B,B,1232
156874,54,G,G,G,1175
156874,55,Y,Y,Y,1089
156874,56,R,R,R,1000
156874,57,Y,Y,Y,959
156874,58,G,G,G,1096
156874,59,R,R,R,984
156874,60,G,G,G,983
156874,61,Y,Y,Y,1232
156874,62,B,B,B,1368
156874,63,Y,Y,Y,1704
156874,64,B,B,B,968
156874,65,G,G,G,1056
156874,66,Y,Y,Y,960
156874,67,B,B,B,1072
156874,68,Y,Y,Y,984
156874,69,B,B,B,1584
156874,70,G,G,G,536
156874,71,B,B,B,1184
156874,72,R,R,R,576
156874,73,B,B,B,848
156874,74,G,G,G,1168
156874,75,R,R,R,872
156874,76,Y,Y,Y,928
156874,77,B,B,B,1208
156874,78,Y,Y,Y,992
156874,79,B,B,B,1280
156874,80,Y,Y,Y,1160
156874,81,B,B,B,1039
156874,82,G,G,G,976
156874,83,B,B,B,1256
156874,84,G,G,G,728
156874,85,Y,Y,Y,1008
156874,86,R,R,R,440
156874,87,Y,Y,Y,960
156874,88,R,R,R,807
156874,89,G,G,G,1120
156874,90,Y,Y,Y,1008
156875,3,Y,G,G,4992
156875,4,R,Y,Y,1904
156875,5,G,R,R,5320
156875,6,R,Y,Y,3432
156875,7,G,B,B,3856
156875,8,R,Y,Y,1536
156875,9,G,B,B,1656
156875,10,B,R,R,1872
156875,11,G,B,B,2088
156875,12,B,G,G,5256
156875,14,B,G,G,1552
156875,15,Y,B,B,2208
156875,16,B,Y,Y,1648
156875,17,G,B,B,1752
156875,18,Y,R,R,5344
156875,19,R,B,B,3432
156875,20,B,R,R,1968
156875,21,G,Y,Y,1440
156875,22,B,R,R,1599
156875,23,R,G,G,1711
156875,24,B,R,R,1560
156875,25,G,B,B,2856
156875,26,Y,G,G,1888
156875,27,R,B,B,1512
156875,28,G,Y,Y,1904
156875,29,B,G,G,2799
156875,30,Y,B,B,1648
156875,31,G,Y,Y,1551
156875,32,R,B,B,1360
156875,33,B,R,R,1447
156875,34,G,B,B,3256
156875,35,Y,G,G,3560
156875,36,G,R,R,1615
156875,37,R,G,G,1655
156875,38,G,Y,Y,1599
156875,39,Y,B,B,2455
156875,40,B,G,G,2423
156875,41,R,B,B,1575
156875,42,Y,G,G,2623
156875,43,R,Y,Y,1687
156875,44,B,G,G,1591
156875,45,Y,R,R,2240
156875,47,R,R,R,1424
156875,48,B,B,B,1968
156875,49,R,R,R,1440
156875,51,R,R,R,5760
156875,52,Y,Y,Y,3200
156875,53,R,R,R,1224
156875,54,Y,Y,Y,1104
156875,55,B,B,B,1360
156875,56,G,G,G,2152
156875,57,R,R,R,1248
156875,58,B,B,B,1152
156875,59,G,G,G,1504
156875,60,R,R,R,1592
156875,61,G,G,G,1400
156875,62,R,R,R,1096
156875,63,G,G,G,1016
156875,64,Y,Y,Y,1120
156875,65,R,R,R,2032
156875,66,Y,Y,Y,1072
156875,67,B,B,B,1136
156875,68,R,R,R,1008
156875,69,Y,Y,Y,976
156875,70,B,B,B,992
156875,71,Y,Y,Y,1048
156875,72,G,G,G,1040
156875,73,R,R,R,1080
156875,74,G,G,G,1024
156875,75,B,B,B,1144
156875,76,R,R,R,952
156875,77,G,G,G,1008
156875,78,B,B,B,1264
156875,79,Y,Y,Y,1000
156875,80,B,B,B,968
156875,81,Y,Y,Y,1000
156875,82,R,R,R,1192
156875,83,Y,Y,Y,944
156875,84,B,B,B,936
156875,85,Y,Y,Y,896
156875,86,G,G,G,936
156875,87,Y,Y,Y,944
156875,88,R,R,R,984
156875,89,G,G,G,1096
156875,90,R,R,R,984
